rank,feature,coefficient,train_n,train_attack_n,pct_attack_in_training,pure_attack_column,present_in_test_attacks
1,src_computer_C17693,23.82774921474819,1187,590,49.7,no,70
2,src_computer_C22409,12.607972748411411,342,10,2.9,no,0
3,src_computer_C19932,9.785799420045745,383,7,1.8,no,12
4,src_user_U737@DOM1,9.691562713242812,13234,17,0.1,no,13
5,src_user_U748@DOM1,7.014871353305272,16400,26,0.2,no,0
6,dst_computer_C1493,6.410213615330814,26,3,11.5,no,0
7,src_computer_C18025,6.403258697314799,79,3,3.8,no,0
8,src_user_U3486@DOM1,4.210680578309105,12974,2,0.0,no,0
9,src_user_U66@DOM1,-3.8726900335587175,2553497,110,0.0,no,8
10,dst_computer_C754,3.1634358107417944,41315,10,0.0,no,0
11,src_user_U1653@DOM1,2.6396054341744506,82193,15,0.0,no,0
12,dst_computer_C528,-2.274695096560423,518719,3,0.0,no,0
13,src_computer_C754,-1.7002083318210048,15887,0,0.0,no,0
14,dst_computer_C2327,-1.4343889401722796,280512,0,0.0,no,0
15,src_computer_C368,-1.3939233878156623,322112,0,0.0,no,0
16,src_computer_C612,-1.3496285365746092,308169,0,0.0,no,0
17,dst_computer_C2162,-1.313645994751644,261878,0,0.0,no,0
18,src_user_U78@DOM1,-1.2864616658179104,308730,2,0.0,no,0
19,src_computer_C625,-1.2499119930580767,288884,0,0.0,no,0
20,dst_computer_C625,-1.238803825116169,588190,2,0.0,no,1
